taxi,source_year,source_month,trips,mean_total,median_total,mean_distance,mean_duration,revenue
green,2024,1,53284,22.151558816905705,18.35,2.7527167630057696,13.755746252783727,1180323.6600000036
green,2024,2,50376,22.452831904081293,18.4,2.7835250913133085,13.94915435921857,1131083.8599999992
green,2024,3,54071,22.718045162841303,18.48,2.7619677831000096,14.147802272321098,1228387.419999992
green,2024,4,52918,23.26256151026101,18.85,2.8082754450281415,14.207946886377638,1231008.229999992
green,2024,5,57428,24.459192380023605,19.8,2.9306169464372633,15.225689849318654,1404642.4999999956
green,2024,6,51656,24.76711301688076,19.65,3.0220057689329294,14.96401676475147,1279369.9899999925
green,2024,7,48450,24.387311042311588,19.53,3.0220319917440728,14.269958376332928,1181565.2199999965
green,2024,8,48633,25.807747825550308,19.85,3.251665330125632,14.76404601813577,1255108.199999988
green,2024,9,51218,26.478969307665217,20.3,3.2411007848803055,15.741994350944484,1356199.849999997
green,2024,10,53142,24.94605679123851,19.75,3.0036253810545106,15.105578136564905,1325683.349999997
green,2024,11,49039,23.920063011073058,19.32,2.851422541242687,14.826179843254053,1173015.9700000116
green,2024,12,50558,23.782175521183774,19.15,2.8088769334229626,14.823030644672112,1202379.2300000093
green,2026,1,38696,24.265106470952944,20.1,3.1819051064709556,16.811438736131162,938962.5599999952
green,2026,2,35704,24.32529492493822,20.13,3.136884382702226,17.179110183732895,868510.3299999943
green,2026,3,42445,24.861909529979783,20.46,3.3430863470373327,17.20623905446271,1055263.7499999919
green,2026,4,42287,25.253326554260052,20.46,3.363818904154928,16.979865364453996,1067887.4199999948
green,2026,5,42964,25.775376128851747,20.82,3.325399404152325,17.332678521552936,1107413.2599999865
green,2026,6,42358,26.036428773785318,20.95,3.39699962226735,17.664339676094297,1102851.0499999984
green,2026,7,39323,26.181417236731512,20.74,3.483680034585338,16.929935406759526,1029531.8699999932
green,2026,8,38652,26.386732639966652,20.93,3.50645891545069,16.619832953878912,1019899.989999991
yellow,2024,1,2869871,27.313208161650387,20.16,3.290891559237391,14.953579388527766,78385384.02008376
yellow,2024,2,2904287,27.185615447121393,20.38,3.2175879828680474,15.346338280847299,78954829.53007385
yellow,2024,3,3452349,27.74435770836357,20.64,3.357284257761809,16.094562253120866,95783205.59011126
yellow,2024,4,3426190,28.072213096793643,21.0,3.3913876988724456,16.429727301560263,96180735.7901034
yellow,2024,5,3626828,28.898922937647125,21.5,3.4265217209087204,17.468547626190098,104811422.88010085
yellow,2024,6,3439143,28.574527229634647,21.3,3.421444115583415,16.993324780815325,98271885.30010739
yellow,2024,7,2980251,28.88436492096132,21.0,3.587335026479199,16.630593139078705,86082657.4400599
yellow,2024,8,2870533,29.15335982553101,21.0,3.662573330458056,16.752866505976417,83685681.440061
yellow,2024,9,3498016,29.349412189680127,21.8,3.531763628296568,18.167259864829635,102664713.43009612
yellow,2024,10,3693057,29.278138206394956,21.8,3.4835619948459513,17.796217126714865,108125833.25009434
yellow,2024,11,3518396,28.396987004901305,21.3,3.3359396781942094,17.26137803040531,99911845.49009673
yellow,2024,12,3524780,29.306079627694178,21.84,3.322321557657373,18.17037269465503,103297483.35010388
yellow,2026,1,3516162,29.658402616263526,23.1,3.491144523488576,17.116499040715297,104283748.2600064
yellow,2026,2,3209963,30.443049773471923,24.0,3.435758901270305,17.789775806345933,97721063.38000326
yellow,2026,3,3762714,30.2563114416895,23.35,3.5047445514059694,17.349049245659472,113845846.65000527
yellow,2026,4,3674137,30.088011911368223,23.58,3.522259597287496,18.058681585181592,110547477.81999871
yellow,2026,5,3911798,30.53661157862426,23.93,3.5171787116816926,18.802475941582916,119453056.10003923
yellow,2026,6,3646340,30.58896340440136,23.84,3.3889920495617707,17.5715729699736,111537760.82000485
yellow,2026,7,3346167,30.122242822909147,23.58,3.5707597558636057,17.245623250921547,100794054.90000543
yellow,2026,8,3163537,30.139801380543084,23.55,3.7153330876164,17.20702539067305,95348376.83999912
