taxi,source_year,payment_type,trips,mean_total,card_tip_percent
green,2024,1,426889,25.093174080380926,22.371265729725827
green,2024,2,167748,20.548620371032776,
green,2024,3,1981,14.972549217566872,
green,2024,4,681,14.484948604992658,
green,2024,5,21,19.39047619047619,
green,2024,,23453,31.972261544365264,
green,2026,1,211590,25.60116031003344,22.9451137237421
green,2026,2,62548,20.711241126814638,
green,2026,3,724,17.671077348066294,
green,2026,4,272,17.814926470588237,
green,2026,,47295,30.876086055608425,
yellow,2024,0,3814442,24.616464599520018,
yellow,2024,1,30168873,29.7167546158042,25.16952711480814
yellow,2024,2,5277507,24.849007197923115,
yellow,2024,3,156586,24.809262066850447,
yellow,2024,4,386293,27.727689940017946,
yellow,2026,0,7044008,32.43120968778466,
yellow,2026,1,18454595,30.020426152970106,25.09776696227936
yellow,2026,2,2557857,25.927731382182177,
yellow,2026,3,56273,24.23179286691685,
yellow,2026,4,118085,28.689952237794543,
