taxi,hour,trips
green,0,4780
green,1,2933
green,2,2115
green,3,1751
green,4,1772
green,5,2440
green,6,6570
green,7,13886
green,8,17480
green,9,18319
green,10,17685
green,11,17496
green,12,18938
green,13,18612
green,14,20812
green,15,22533
green,16,24287
green,17,25115
green,18,23675
green,19,17747
green,20,13600
green,21,12073
green,22,10385
green,23,7425
yellow,0,907309
yellow,1,602675
yellow,2,401076
yellow,3,288272
yellow,4,236056
yellow,5,261528
yellow,6,491276
yellow,7,857316
yellow,8,1150698
yellow,9,1204871
yellow,10,1220510
yellow,11,1316817
yellow,12,1424043
yellow,13,1489826
yellow,14,1615320
yellow,15,1669443
yellow,16,1600012
yellow,17,1767327
yellow,18,1832998
yellow,19,1664863
yellow,20,1655250
yellow,21,1716079
yellow,22,1592564
yellow,23,1264689
