taxi,source_year,source_month,source_file,pickup,dropoff,passenger_count,trip_distance,fare_amount,total_amount,tip_amount,payment_type,pickup_zone,dropoff_zone,cbd_congestion_fee,duration_minutes
green,2026,1,/workspace/data/raw/green/2026/green_tripdata_2026-01.parquet,2025-12-27 16:49:41,2025-12-27 17:02:11,1,2.18,13.5,19.0,3.0,1,92,252,0.0,12.5
green,2026,1,/workspace/data/raw/green/2026/green_tripdata_2026-01.parquet,2025-12-27 22:57:46,2025-12-27 23:03:38,1,1.23,8.6,10.1,0.0,2,92,253,0.0,5.866666666666666
green,2026,1,/workspace/data/raw/green/2026/green_tripdata_2026-01.parquet,2025-12-29 00:11:28,2025-12-29 00:11:31,1,0.0,15.0,18.0,2.0,1,92,264,0.0,0.05
green,2026,1,/workspace/data/raw/green/2026/green_tripdata_2026-01.parquet,2025-12-31 22:00:16,2025-12-31 22:00:22,2,0.0,24.0,25.0,0.0,1,70,70,0.0,0.1
green,2026,1,/workspace/data/raw/green/2026/green_tripdata_2026-01.parquet,2026-01-01 00:03:27,2026-01-01 00:48:45,,23.58,2.9,57.95,0.0,,166,203,0.0,45.3
green,2026,1,/workspace/data/raw/green/2026/green_tripdata_2026-01.parquet,2026-01-01 00:04:26,2026-01-01 00:26:02,1,4.79,26.1,28.6,0.0,1,33,80,0.0,21.6
green,2026,1,/workspace/data/raw/green/2026/green_tripdata_2026-01.parquet,2026-01-01 00:08:25,2026-01-01 00:18:15,1,1.35,11.4,19.98,3.33,1,166,239,0.0,9.833333333333334
green,2026,1,/workspace/data/raw/green/2026/green_tripdata_2026-01.parquet,2026-01-01 00:08:56,2026-01-01 00:40:38,1,15.07,60.4,62.9,0.0,2,66,122,0.0,31.7
green,2026,1,/workspace/data/raw/green/2026/green_tripdata_2026-01.parquet,2026-01-01 00:09:37,2026-01-01 00:19:42,1,2.47,13.5,19.2,3.2,1,33,61,0.0,10.083333333333334
green,2026,1,/workspace/data/raw/green/2026/green_tripdata_2026-01.parquet,2026-01-01 00:09:53,2026-01-01 00:22:44,1,6.92,28.2,30.7,0.0,2,166,248,0.0,12.85
