files,rows,query,mode,repeat,seconds
2,3021175,monthly,parquet,1,0.3775061179999284
2,3021175,monthly,duckdb,1,0.21195021299990913
2,3021175,monthly,duckdb,2,0.21487655400005679
2,3021175,monthly,parquet,2,0.3474070490001395
2,3021175,monthly,parquet,3,0.30551206399991315
2,3021175,monthly,duckdb,3,0.17592447900005936
2,3021175,hourly,parquet,1,0.29983244100003503
2,3021175,hourly,duckdb,1,0.10643330499988224
2,3021175,hourly,duckdb,2,0.10244722700008424
2,3021175,hourly,parquet,2,0.2518790420001551
2,3021175,hourly,parquet,3,0.25314791799996783
2,3021175,hourly,duckdb,3,0.06902773799993156
2,3021175,payments,parquet,1,0.33688037100000656
2,3021175,payments,duckdb,1,0.09437226199997895
2,3021175,payments,duckdb,2,0.10019478699996398
2,3021175,payments,parquet,2,0.27947309700016376
2,3021175,payments,parquet,3,0.31475728300006267
2,3021175,payments,duckdb,3,0.12243827900010729
12,20671900,monthly,parquet,1,2.0450382419999187
12,20671900,monthly,duckdb,1,1.254912516999866
12,20671900,monthly,duckdb,2,1.509326197000064
12,20671900,monthly,parquet,2,2.4453111479999734
12,20671900,monthly,parquet,3,2.1779184750000695
12,20671900,monthly,duckdb,3,1.020917036000128
12,20671900,hourly,parquet,1,2.1164538389998597
12,20671900,hourly,duckdb,1,0.5876577730000463
12,20671900,hourly,duckdb,2,0.5783340450000196
12,20671900,hourly,parquet,2,1.6981325249998918
12,20671900,hourly,parquet,3,1.5625406379999731
12,20671900,hourly,duckdb,3,0.7811531190000096
12,20671900,payments,parquet,1,2.082645482000089
12,20671900,payments,duckdb,1,0.8768934560000616
12,20671900,payments,duckdb,2,0.7772742630002085
12,20671900,payments,parquet,2,2.057801227000027
12,20671900,payments,parquet,3,2.0804254340000625
12,20671900,payments,duckdb,3,0.7517230409998774
40,71870407,monthly,parquet,1,24.463467272000344
40,71870407,monthly,duckdb,1,3.0659790730001077
40,71870407,monthly,duckdb,2,3.196302731000287
40,71870407,monthly,parquet,2,8.32486568100012
40,71870407,monthly,parquet,3,7.90732673399998
40,71870407,monthly,duckdb,3,4.061621226999705
40,71870407,hourly,parquet,1,7.251518860000033
40,71870407,hourly,duckdb,1,2.8271241259999442
40,71870407,hourly,duckdb,2,1.9946259660000578
40,71870407,hourly,parquet,2,5.424790564999967
40,71870407,hourly,parquet,3,5.433297022000261
40,71870407,hourly,duckdb,3,2.1274129829998856
40,71870407,payments,parquet,1,7.0483533019996685
40,71870407,payments,duckdb,1,2.903303701999903
40,71870407,payments,duckdb,2,2.714535301000069
40,71870407,payments,parquet,2,7.585000501000195
40,71870407,payments,parquet,3,6.931118341999991
40,71870407,payments,duckdb,3,3.045497010999952
