files,rows,query,mode,median,min,max
2,3021175,hourly,duckdb,0.10244722700008424,0.06902773799993156,0.10643330499988224
2,3021175,hourly,parquet,0.25314791799996783,0.2518790420001551,0.29983244100003503
2,3021175,monthly,duckdb,0.21195021299990913,0.17592447900005936,0.21487655400005679
2,3021175,monthly,parquet,0.3474070490001395,0.30551206399991315,0.3775061179999284
2,3021175,payments,duckdb,0.10019478699996398,0.09437226199997895,0.12243827900010729
2,3021175,payments,parquet,0.31475728300006267,0.27947309700016376,0.33688037100000656
12,20671900,hourly,duckdb,0.5876577730000463,0.5783340450000196,0.7811531190000096
12,20671900,hourly,parquet,1.6981325249998918,1.5625406379999731,2.1164538389998597
12,20671900,monthly,duckdb,1.254912516999866,1.020917036000128,1.509326197000064
12,20671900,monthly,parquet,2.1779184750000695,2.0450382419999187,2.4453111479999734
12,20671900,payments,duckdb,0.7772742630002085,0.7517230409998774,0.8768934560000616
12,20671900,payments,parquet,2.0804254340000625,2.057801227000027,2.082645482000089
40,71870407,hourly,duckdb,2.1274129829998856,1.9946259660000578,2.8271241259999442
40,71870407,hourly,parquet,5.433297022000261,5.424790564999967,7.251518860000033
40,71870407,monthly,duckdb,3.196302731000287,3.0659790730001077,4.061621226999705
40,71870407,monthly,parquet,8.32486568100012,7.90732673399998,24.463467272000344
40,71870407,payments,duckdb,2.903303701999903,2.714535301000069,3.045497010999952
40,71870407,payments,parquet,7.0483533019996685,6.931118341999991,7.585000501000195
